{
  "gizmos-infos": {
    "is2D": false,
    "is3DIcon": false,
    "iconSize": 2,
    "gridVisible": true,
    "gridColor": [
      150,
      150,
      150,
      255
    ],
    "isIconGizmo3D": false,
    "iconGizmoSize": 2,
    "isGridVisible": true
  },
  "float-window": {
    "position": {
      "cc": {
        "Camera": {
          "dock": false,
          "top": null,
          "bottom": 10,
          "left": null,
          "right": 10
        }
      }
    }
  },
  "camera-infos": {
    "f46876e4-e81b-4931-b493-6d367be385e7": {
      "position": {
        "x": 5.870596204644527,
        "y": 6.3894455336828955,
        "z": 8.17235573372866
      },
      "rotation": {
        "x": -0.28854732193777466,
        "y": 0.2702800106082564,
        "z": 0.08527455136296538,
        "w": 0.914558587384091
      },
      "viewCenter": {
        "x": 0.5742054654757562,
        "y": -0.4384188062296479,
        "z": -0.005838987496751713
      }
    },
    "a81941e8-7263-46ef-83db-06d31c197e79": {
      "position": {
        "x": 375,
        "y": 667,
        "z": 5000
      },
      "rotation": {
        "x": 0,
        "y": 0,
        "z": 0,
        "w": 1
      },
      "viewCenter": {
        "x": -0.794,
        "y": 0.5249999999999999,
        "z": -1.648
      }
    },
    "7c019189-3036-4f26-be31-6c929914d570": {
      "position": {
        "x": 0.34619566441185307,
        "y": 22.119590150603496,
        "z": 10.343140955607495
      },
      "rotation": {
        "x": -0.5366860474800689,
        "y": 0.014114402455179224,
        "z": 0.008979205385942777,
        "w": 0.8436161709890296
      },
      "viewCenter": {
        "x": 0,
        "y": 0,
        "z": 0
      }
    }
  },
  "camera-uuids": [
    "7c019189-3036-4f26-be31-6c929914d570"
  ]
}
